id,category,voice,class,reason,rewrite
battle_start_welcome,battle_start,brutus,ancient,"sponsor read names Pompeii Pizza and ash (Vesuvius joke); [gag:pizza] callback source, each era writes its own sponsor line",
battle_start_terms,battle_start,brutus,convertible,"Terms of Conquest gag is cross-era but ""stabs"" and ""grape seller"" are not; [gag:terms][gag:grapes]",The Terms of Conquest are LAMINATED and posted. Clause seven: nobody hits the snack vendor.
battle_start_matchup,battle_start,brutus,convertible,"only blocker is ""the man selling grapes""; slots {arena}{faction} already era-neutral; [gag:grapes]",LIVE from {arena}: {faction} versus {faction2}! Place your bets with the snack vendor!
battle_start_locals,battle_start,brutus,neutral,"""locals"" and ""chairs"" work on a moon base or a castle; no weapon or place noun",
battle_start_define,battle_start,plato,neutral,"chain head (follow beats define_b, define_c are also neutral); pure commentator philosophy",
battle_start_ending,battle_start,cassandra,neutral,"Cassandra notes-the-ending gag, no era noun",
battle_start_grapes,battle_start,cassandra,convertible,strong shape (bystander survives) but names grapes; the bystander becomes the cross-era snack vendor; [gag:grapes],The snack vendor will survive. Everyone else is a rumour.
battle_start_wall,battle_start,cassandra,neutral,"Cassandra's wall is a commentator-world prop, not an Ancient noun; [gag:wall]",
battle_start_faction,battle_start,cassandra,neutral,"{faction} slots only; ""close one"" joke is era-free",
battle_start_surprise,battle_start,cassandra,neutral,pure Cassandra fatalism,
battle_start_ledger,battle_start,cassandra,neutral,lifetime stat friendlyKills; nothing era-bound,
battle_start_field,battle_start,plato,neutral,"""field"" is the walk-into-a-bar frame, fine on a moon or in a city; optional {arena} upgrade not needed",
battle_start_orders,battle_start,plato,neutral,"""general"" and ""soldier"" are generic in all four eras",
battle_start_quiet,battle_start,plato,neutral,era-free observation,
battle_start_mission,battle_start,brutus,neutral,{mission} slot only [caps:0],
battle_start_mission_p,battle_start,plato,neutral,{mission} slot only,
battle_start_first_b,battle_start,brutus,neutral,"first-battle stat line; ""arena"" is the game word",
battle_start_first_p,battle_start,plato,neutral,era-free,
battle_start_first_c,battle_start,cassandra,neutral,era-free,
battle_start_record_b,battle_start,brutus,neutral,milestone line; Terms of Conquest is the cross-era Brutus gag; [gag:terms],
battle_start_record_c,battle_start,cassandra,neutral,"Cassandra wall/ceiling escalation, era-free; [gag:wall]",
battle_start_small,battle_start,brutus,neutral,{n} soldiers; works for any roster size,
battle_start_small_p,battle_start,plato,neutral,era-free,
battle_start_big,battle_start,brutus,neutral,{n} soldiers; era-free,
battle_start_big_c,battle_start,cassandra,neutral,era-free,
battle_start_a_marathon,battle_start,brutus,ancient,Marathon runner joke; arena-bound cond,
battle_start_a_marathon_p,battle_start,plato,ancient,Marathon; arena-bound cond,
battle_start_a_marathon_c,battle_start,cassandra,ancient,Marathon; arena-bound cond,
battle_start_a_thermopylae,battle_start,brutus,ancient,Hot Gates and eight-unit gap; arena-bound cond,
battle_start_a_thermopylae_p,battle_start,plato,ancient,eight-unit gap of Thermopylae; [shape] chokepoint-as-decision question is borrowable,
battle_start_a_thermopylae_c,battle_start,cassandra,ancient,"goat path of Thermopylae; [shape] ""there is always a goat path""",
battle_start_a_colosseum,battle_start,brutus,ancient,"Colosseum, spikes; arena-bound cond",
battle_start_a_colosseum_p,battle_start,plato,ancient,Colosseum spectators; arena-bound cond,
battle_start_a_colosseum_c,battle_start,cassandra,ancient,Colosseum trapdoors; arena-bound cond,
battle_start_a_nile,battle_start,brutus,ancient,Nile ford and reeds; arena-bound cond,
battle_start_a_nile_p,battle_start,plato,ancient,Nile crossing; arena-bound cond,
battle_start_a_nile_c,battle_start,cassandra,ancient,Nile and armour; arena-bound cond,
battle_start_a_giza,battle_start,brutus,ancient,"Giza, pyramids, sphinx; arena-bound cond",
battle_start_a_giza_p,battle_start,plato,ancient,sphinx; arena-bound cond,
battle_start_a_giza_c,battle_start,cassandra,ancient,sphinx and dunes; arena-bound cond,
battle_start_a_persepolis,battle_start,brutus,ancient,Persepolis marble and throne; arena-bound cond,
battle_start_a_persepolis_p,battle_start,plato,ancient,Persepolis palace and spear; arena-bound cond,
battle_start_a_persepolis_c,battle_start,cassandra,ancient,Persepolis columns and arrows; arena-bound cond,
battle_start_a_carthage,battle_start,brutus,ancient,Carthage harbour ship; arena-bound cond,
battle_start_a_carthage_p,battle_start,plato,ancient,Carthage harbour; arena-bound cond,
battle_start_a_carthage_c,battle_start,cassandra,ancient,"Carthage ship fire; [shape] ""told not to light it"" is borrowable",
battle_start_a_teutoburg,battle_start,brutus,ancient,Teutoburg and archers; arena-bound cond,
battle_start_a_teutoburg_p,battle_start,plato,ancient,Teutoburg fog; [shape] fog as a question,
battle_start_a_teutoburg_c,battle_start,cassandra,ancient,"Teutoburg fog and exit; [shape] ""fog hides the exit""",
battle_start_a_alpine,battle_start,brutus,ancient,the Alps narrow path; arena-bound cond,
battle_start_a_alpine_p,battle_start,plato,ancient,snow slowdown percent; arena-bound cond,
battle_start_a_alpine_c,battle_start,cassandra,ancient,cliff and sandals; arena-bound cond,
battle_start_a_olympus,battle_start,brutus,ancient,"Olympus, Zeus, temple; arena-bound cond",
battle_start_a_olympus_p,battle_start,plato,ancient,home of the gods; arena-bound cond,
battle_start_a_olympus_c,battle_start,cassandra,ancient,Zeus lightning; arena-bound cond,
battle_start_a_troy,battle_start,brutus,ancient,Troy and the horse; arena-bound cond,
battle_start_a_troy_p,battle_start,plato,ancient,Troy wall and horse; arena-bound cond,
battle_start_a_troy_c,battle_start,cassandra,ancient,Troy gate and horse and gift shop; arena-bound cond,
battle_start_a_styx,battle_start,brutus,ancient,"River Styx, bone bridges; arena-bound cond",
battle_start_a_styx_p,battle_start,plato,ancient,Styx bridges; arena-bound cond,
battle_start_a_styx_c,battle_start,cassandra,ancient,Styx lava damage per second; arena-bound cond,
battle_start_a_cyclops,battle_start,brutus,ancient,Cyclops cave and goats; arena-bound cond,
battle_start_a_cyclops_p,battle_start,plato,ancient,goats and cave; arena-bound cond,
battle_start_a_cyclops_c,battle_start,cassandra,ancient,"Cyclops cave on the map; [shape] ""the map was ignored""",
battle_start_a_oasis,battle_start,brutus,ancient,Oasis palms; arena-bound cond,
battle_start_a_oasis_p,battle_start,plato,ancient,Oasis desert; arena-bound cond,
battle_start_a_oasis_c,battle_start,cassandra,ancient,"text is era-free but cond is arena:oasis, so unreachable in new eras; [shape] reuse the idea for a small era arena",
battle_start_a_arenalab,battle_start,brutus,ancient,Arena Lab is an Ancient-era test arena; arena-bound cond,
battle_start_a_arenalab_p,battle_start,plato,ancient,Arena Lab; arena-bound cond,
battle_start_duel_b,battle_start,brutus,convertible,"crowd of three includes ""a man with grapes""; [gag:grapes]","A DUEL! One soldier each! The crowd is me, Plato and the snack vendor!"
battle_start_duel_p,battle_start,plato,neutral,era-free,
battle_start_duel_c,battle_start,cassandra,neutral,era-free,
battle_start_duel_b2,battle_start,brutus,neutral,Terms of Conquest gag; [gag:terms] [caps:2],
battle_start_outnumbered_b,battle_start,brutus,neutral,{ratio} slot; era-free [caps:3],
battle_start_outnumbered_p,battle_start,plato,neutral,{ratio}; era-free,
battle_start_outnumbered_c,battle_start,cassandra,neutral,{ratio}; era-free,
battle_start_outnumbering_b,battle_start,brutus,neutral,{ratio}; era-free,
battle_start_outnumbering_p,battle_start,plato,neutral,{ratio}; chairs gag,
battle_start_outnumbering_c,battle_start,cassandra,neutral,{ratio}; era-free,
battle_start_tenth_b,battle_start,brutus,neutral,sponsors and coupons are commentator-world props,
battle_start_tenth_p,battle_start,plato,neutral,"hobby-to-occupation joke, era-free",
battle_start_tenth_c,battle_start,cassandra,neutral,era-free,
battle_start_losing_b,battle_start,brutus,neutral,{nth|words}; era-free,
battle_start_losing_p,battle_start,plato,neutral,{nth|words}; era-free,
battle_start_losing_c,battle_start,cassandra,neutral,{nth|words}; era-free,
battle_start_winning_b,battle_start,brutus,neutral,Terms of Conquest gag; [gag:terms] [caps:2],
battle_start_winning_p,battle_start,plato,neutral,era-free,
battle_start_winning_c,battle_start,cassandra,neutral,Cassandra's wall; [gag:wall],
battle_start_loyal_b,battle_start,brutus,neutral,{arena} slot and rent joke; era-free,
battle_start_loyal_p,battle_start,plato,neutral,{arena} slot; era-free,
battle_start_loyal_c,battle_start,cassandra,neutral,{arena} slot; era-free,
battle_start_rematch_b,battle_start,brutus,neutral,{arena} slot; era-free [caps:2],
battle_start_rematch_p,battle_start,plato,neutral,era-free,
battle_start_rematch_c,battle_start,cassandra,neutral,era-free,
battle_start_mirror_b,battle_start,brutus,neutral,"{faction} slots; ""cousin"" is era-free",
battle_start_mirror_p,battle_start,plato,neutral,"""civil war"" is generic English, no real conflict named",
battle_start_mirror_c,battle_start,cassandra,convertible,"""stab the wrong one"" assumes a blade, not a rifle or a beam",Same uniforms on both sides. Somebody will hit the wrong one. Nobody listens.
first_blood_opinion,first_blood,brutus,neutral,"{unit}{unit2} with the/The filter; works for a tank or a drone [slots: unit/killer filters read fine for a tank, drone, mech, knight or goat]",
first_blood_known,first_blood,cassandra,neutral,"{unit2|The}{unit2|a}; works for a tank or a drone [slots: unit/killer filters read fine for a tank, drone, mech, knight or goat]",
first_blood_inevitable,first_blood,plato,neutral,era-free,
first_blood_cook,first_blood,plato,neutral,"""the cook"" and idiom ""first blood"" are generic; no weapon noun",
first_blood_survive,first_blood,cassandra,neutral,"{unit|the}; era-free [slots: unit/killer filters read fine for a tank, drone, mech, knight or goat]",
first_blood_spilt,first_blood,plato,neutral,era-free,
first_blood_off,first_blood,brutus,neutral,"{unit|A}{unit2|a}; idiom ""first blood"" [slots: unit/killer filters read fine for a tank, drone, mech, knight or goat]",
first_blood_ripple,first_blood,brutus,convertible,one grape seller looking away; [gag:grapes],"And THAT is how you open a battle! One fall, one gasp, one snack vendor looking away!"
first_blood_statistics,first_blood,plato,neutral,era-free,
first_blood_nine,first_blood,cassandra,neutral,"{unit|The}; era-free [slots: unit/killer filters read fine for a tank, drone, mech, knight or goat]",
first_blood_early_b,first_blood,brutus,neutral,"{secs}; ""ANTHEM"" is commentator-world",
first_blood_early_p,first_blood,plato,convertible,"""virtues of a spear"" assumes a spear",{secs} seconds. Patience is not among the virtues of a weapon.
first_blood_early_c,first_blood,cassandra,neutral,{secs}; era-free,
first_blood_late_b,first_blood,brutus,convertible,"""started on the grapes""","First blood, FINALLY! {secs} seconds of politeness! The crowd had started on the snacks!"
first_blood_late_p,first_blood,plato,neutral,{secs}; era-free,
first_blood_late_c,first_blood,cassandra,neutral,{secs}; era-free,
first_blood_chicken_b,first_blood,brutus,ancient,cond def:sacred_chicken,
first_blood_chicken_c,first_blood,cassandra,ancient,cond def:sacred_chicken,
first_blood_goat_b,first_blood,brutus,ancient,cond def:battle_goat,
first_blood_goat_p,first_blood,plato,ancient,cond def:battle_goat,
first_blood_hero_b,first_blood,brutus,neutral,"text is era-free; cond def2 list is the per-era HEROES table (era data), so the line is shared with the era's own hero ids [slots: unit/killer filters read fine for a tank, drone, mech, knight or goat]",
first_blood_hero_p,first_blood,plato,neutral,"as first_blood_hero_b [slots: unit/killer filters read fine for a tank, drone, mech, knight or goat]",
kill_streak_fire,kill_streak,brutus,neutral,"{streak}{killer|cap}; fire marshal gag; works for a tank [slots: unit/killer filters read fine for a tank, drone, mech, knight or goat] [caps:2]",
kill_streak_review,kill_streak,brutus,neutral,performance review gag [caps:2],
kill_streak_name,kill_streak,brutus,neutral,"{killer} [slots: unit/killer filters read fine for a tank, drone, mech, knight or goat]",
kill_streak_pattern,kill_streak,plato,neutral,"{killer|cap} [slots: unit/killer filters read fine for a tank, drone, mech, knight or goat]",
kill_streak_brave,kill_streak,plato,neutral,"""brave"" is personification, still fine for a drone [slots: unit/killer filters read fine for a tank, drone, mech, knight or goat]",
kill_streak_forgotten,kill_streak,cassandra,neutral,"{unit|The}; era-free [slots: unit/killer filters read fine for a tank, drone, mech, knight or goat]",
kill_streak_laurel,kill_streak,brutus,convertible,laurel wreath is a classical prop,{streak}! Somebody fetch a TROPHY! Or a chair! Possibly both!
kill_streak_endurance,kill_streak,plato,neutral,era-free,
kill_streak_tally,kill_streak,cassandra,neutral,Cassandra's wall gag; [gag:wall],
kill_streak_chicken,kill_streak,brutus,ancient,cond def:sacred_chicken,
kill_streak_goat,kill_streak,brutus,ancient,cond def:battle_goat,
kill_streak_goat_p,kill_streak,plato,ancient,cond def:battle_goat,
hero_down_parade,hero_down,brutus,neutral,"{unit|The} ; sponsors gag [slots: unit/killer filters read fine for a tank, drone, mech, knight or goat]",
hero_down_statue,hero_down,brutus,neutral,"sculptor and nose work for a mech hero too; slot-risk low [slots: unit/killer filters read fine for a tank, drone, mech, knight or goat]",
hero_down_army,hero_down,plato,neutral,"""commander"" generic",
hero_down_margin,hero_down,cassandra,neutral,era-free,
hero_down_yours_b,hero_down,brutus,neutral,"{unit} [slots: unit/killer filters read fine for a tank, drone, mech, knight or goat]",
hero_down_yours_p,hero_down,plato,neutral,era-free,
hero_down_yours_c,hero_down,cassandra,neutral,"{unit|the}; era-free [slots: unit/killer filters read fine for a tank, drone, mech, knight or goat]",
hero_down_theirs_b,hero_down,brutus,neutral,"{unit|up} [slots: unit/killer filters read fine for a tank, drone, mech, knight or goat] [caps:3]",
hero_down_theirs_p,hero_down,plato,neutral,era-free,
hero_down_theirs_c,hero_down,cassandra,neutral,"{unit} [slots: unit/killer filters read fine for a tank, drone, mech, knight or goat]",
friendly_fire_clause,friendly_fire,brutus,convertible,"""stab"" assumes a blade; Terms gag ; [gag:terms]","FRIENDLY fire! Terms of Conquest, clause nine: please hit only the other side!"
friendly_fire_same,friendly_fire,brutus,neutral,"{unit|A}{unit2|a} [slots: unit/killer filters read fine for a tank, drone, mech, knight or goat]",
friendly_fire_question,friendly_fire,plato,neutral,era-free,
friendly_fire_ledger,friendly_fire,cassandra,neutral,lifetime stat,
friendly_fire_count,friendly_fire,brutus,convertible,"""The arrows are not checking UNIFORMS"" [caps:2]","FRIENDLY fire, {n} so far! The shots are not checking UNIFORMS!"
friendly_fire_count_p,friendly_fire,plato,neutral,{n}; era-free,
friendly_fire_count_c,friendly_fire,cassandra,neutral,{n}; era-free,
rout_running,rout,brutus,neutral,{n}; era-free,
rout_distance,rout,plato,neutral,{n}; era-free,
rout_opinion,rout,plato,neutral,era-free,
rout_said,rout,cassandra,neutral,era-free,
rout_yours_b,rout,brutus,neutral,{n}; era-free,
rout_yours_p,rout,plato,neutral,{n}; era-free,
rout_yours_c,rout,cassandra,neutral,era-free,
rout_theirs_b,rout,brutus,neutral,{n}; era-free [caps:2],
rout_theirs_p,rout,plato,neutral,era-free,
rout_theirs_c,rout,cassandra,neutral,era-free,
rout_rally_b,rout,brutus,neutral,era-free [caps:3],
rout_rally_p,rout,plato,neutral,era-free,
rout_rally_c,rout,cassandra,neutral,era-free,
charge_physics,charge,plato,convertible,"""The horse does the arithmetic"" assumes cavalry; charge event is generic (rush, tank column, mech)",A charge is physics with a grudge. The mass does the arithmetic.
charge_paragraph,charge,cassandra,neutral,era-free,
charge_hooves,charge,brutus,neutral,text names no animal despite the id [caps:2],
charge_impact,charge,brutus,convertible,"""a very large animal"" assumes a mount","IMPACT! Somewhere the charging party is thinking: oh, we are really doing this!"
charge_momentum,charge,plato,neutral,era-free,
brace_fence,brace,brutus,convertible,"spear wall and horse; brace is a spear-vs-charge idea, rewrite stays generic",The line says NO! The charge says: why?
brace_spear,brace,plato,ancient,"""Spear: ten feet of persuasion"" and the horse; [med-ok]",
brace_told,brace,cassandra,ancient,spears and horses in the setup; [med-ok],
brace_hedgehog,brace,brutus,ancient,hedgehog of spears and the HEDGE pun; [med-ok],
brace_said_no,brace,brutus,convertible,"""the spears said no"", ""the horses""","BRACED! The line said no! The charge, regrettably, was already committed!"
brace_geometry,brace,plato,convertible,horse and spear,The charge met the line and learned a lesson about geometry.
volley_shade,volley,brutus,ancient,arrows darken the sky and the shade company; the gag needs arrows; [med-ok],
volley_weather,volley,brutus,convertible,"""A rain of arrows""",A rain of shots! I LOVE weather that fights back!
volley_sky,volley,plato,convertible,"""Arrows:"" opener",Volleys: an expensive way to learn the sky has opinions.
volley_there,volley,cassandra,neutral,era-free,
volley_dienekes,volley,plato,ancient,names Dienekes and Thermopylae (cond arena); historical anecdote,
volley_convinced,volley,plato,convertible,"""{n} arrows""","{n} shots in the air, each one convinced it is the important one."
volley_someone,volley,cassandra,convertible,"""Every arrow""",Every shot lands on something. Today it is someone.
boulder_rated,boulder,brutus,convertible,"""BOULDER!"" names the projectile; ratings joke is generic",INCOMING! Rated E for everyone nearby!
boulder_blame,boulder,plato,convertible,"""the rock, the engineer""","It lands. Who is responsible: the weapon, the engineer, or the man who stood there?"
boulder_crater,boulder,plato,neutral,crater is generic and the Modern bible keeps crater jokes,
boulder_under,boulder,cassandra,convertible,"""The boulder""",It landed where the soldiers were. It always does.
boulder_apology,boulder,plato,convertible,"""A boulder: the one weapon""",Gravity: the one weapon that has never apologised.
misfire_union,misfire,brutus,convertible,"""The catapult""",The machine has launched a WORKER! His union will have words!
misfire_thumbs,misfire,brutus,neutral,crewman and thumbs up work for any crewed weapon,
misfire_flight,misfire,plato,neutral,era-free,
misfire_four,misfire,cassandra,convertible,hard-codes the 4 percent catapult misfire rate; needs a {pct} in the era's misfire payload,{pct} percent. I said {pct} percent. Nobody asked who.
misaim_horizon,misaim,brutus,ancient,Cyclops boulder; [shape],
misaim_depth,misaim,plato,ancient,Cyclops one eye; [shape],
misaim_quarter,misaim,cassandra,ancient,Cyclops 25 percent miss rate; [shape],
chicken_enough,chicken,brutus,ancient,sacred chicken tantrum; [gag:chicken],
chicken_rage,chicken,plato,ancient,chicken tantrum; [gag:chicken],
chicken_act,chicken,cassandra,ancient,chicken kill; [gag:chicken],
chicken_kill,chicken,brutus,ancient,chicken kill and farmer; [gag:chicken],
chicken_ledger,chicken,cassandra,ancient,chickenKills lifetime stat; [gag:chicken],
chicken_general,chicken,plato,ancient,chickenKills; [gag:chicken],
chicken_plan,chicken,brutus,ancient,chicken tantrum; [gag:chicken],
goat_sent,goat,brutus,ancient,Zeus sends a goat (intervention event); [gag:goat],
goat_hero,goat,plato,ancient,the goat protagonist; [gag:goat],
goat_decide,goat,cassandra,ancient,the goat decides; [gag:goat],
goat_charge,goat,brutus,ancient,goat charge and hay; [gag:goat],
goat_rank,goat,plato,ancient,goatKills stat; [gag:goat],
goat_kill,goat,cassandra,ancient,the goat kill; [gag:goat],
goat_beard,goat,brutus,ancient,goat beard horns helmet; [gag:goat],
philosopher_tactic,philosopher,plato,ancient,philosopher confusion unit; text is era-free but the event is Ancient-only; [shape],
philosopher_listen,philosopher,cassandra,ancient,philosopher monologue moment; [shape],
philosopher_monologue,philosopher,brutus,ancient,names the Philosopher,
philosopher_lecture,philosopher,plato,ancient,lecture-as-weapon for the Philosopher; [shape],
philosopher_explain,philosopher,plato,ancient,sword and Philosopher,
philosopher_nobody,philosopher,brutus,ancient,names the Philosopher,
senator_speech,senator,brutus,ancient,Senator sleep,
senator_filibuster,senator,plato,ancient,filibuster and siege,
senator_hours,senator,cassandra,ancient,Rome and Senator,
senator_bribe,senator,brutus,ancient,coin bribe mechanic,
senator_loyalty,senator,plato,ancient,coin bribe mechanic,
senator_bought,senator,cassandra,ancient,Senate,
senator_bought_b,senator,brutus,ancient,bribe_kill moment of the Senator,
trojan_open,trojan,brutus,ancient,"Trojan horse, hoplites, gift shop; [gag:trojan]",
trojan_lesson,trojan,plato,ancient,Trojan gift horse; [gag:trojan],
trojan_told,trojan,cassandra,ancient,story of Troy; [gag:trojan],
trojan_arena,trojan,brutus,ancient,Troy arena cond; [gag:trojan],
medusa_statues,medusa,brutus,ancient,Medusa,
medusa_look,medusa,cassandra,ancient,Medusa,
medusa_rude,medusa,plato,ancient,Medusa,
elephant_trample,elephant,brutus,ancient,"elephant, Ancient joke in the line",
elephant_stampede,elephant,brutus,ancient,elephant stampede,
elephant_fire,elephant,plato,ancient,elephant and torch,
elephant_said,elephant,cassandra,ancient,elephant panic,
elephant_weight,elephant,cassandra,ancient,elephant trample,
kick_cus,kick,brutus,ancient,Spartacus pun on the Spartan,
kick_sentence,kick,plato,ancient,Spartan laconic kick,
kick_eight,kick,cassandra,ancient,Spartan kick distance,
kick_lifetime,kick,brutus,ancient,Spartans kicks stat,
immortal_rise,immortal,brutus,ancient,Immortals revive,
immortal_ten,immortal,plato,ancient,ten thousand Immortals,
immortal_once,immortal,cassandra,ancient,Immortal revive once,
immortal_again,immortal,brutus,ancient,text is era-free but the second_death sub is the Immortal revive; [shape] reusable if an era declares a revive route,
immortal_twice,immortal,plato,ancient,as immortal_again; [shape],
throne_sit,throne,brutus,ancient,Xerxes,
throne_view,throne,plato,ancient,King of Kings,
throne_retreat,throne,cassandra,ancient,Xerxes throne,
throne_up_b,throne,brutus,ancient,Xerxes throne,
throne_up_p,throne,plato,ancient,King of Kings chair,
throne_up_c,throne,cassandra,ancient,Xerxes chair,
ability_locusts_b,ability,brutus,ancient,Pharaoh locusts,
ability_locusts_p,ability,plato,ancient,locust plague,
ability_locusts_c,ability,cassandra,ancient,locusts,
ability_horn_b,ability,brutus,ancient,war horn ability of the Chieftain; [med-ok],
ability_horn_p,ability,plato,ancient,war horn; [med-ok],
ability_horn_c,ability,cassandra,ancient,war horn once per battle; [med-ok],
ability_execute_b,ability,brutus,ancient,Anubis Guard,
ability_execute_p,ability,plato,ancient,jackal-headed guard,
ability_execute_c,ability,cassandra,ancient,Anubis stamp,
ability_net_b,ability,brutus,ancient,retiarius net,
ability_net_p,ability,plato,ancient,net weapon,
ability_net_c,ability,cassandra,ancient,net duration,
ability_crowd_b,ability,brutus,ancient,Gladiator crowd,
ability_crowd_p,ability,plato,ancient,Gladiator surrounded,
ability_crowd_c,ability,cassandra,ancient,Gladiator,
ability_druid_b,ability,brutus,ancient,Druid chain lightning ability,
ability_druid_p,ability,plato,ancient,Druid lightning hops; [shape],
ability_druid_c,ability,cassandra,ancient,names the druid,
hazard_lava,hazard,brutus,neutral,"{unit}; lava is a hazard sub, not an Ancient noun; routes only where an arena has lava (Sci-Fi yes) [slots: unit/killer filters read fine for a tank, drone, mech, knight or goat]",
hazard_spikes,hazard,brutus,neutral,"{unit}; generic trap hazard [slots: unit/killer filters read fine for a tank, drone, mech, knight or goat]",
hazard_geyser,hazard,brutus,neutral,"{unit}; hazard sub geyser, generic [slots: unit/killer filters read fine for a tank, drone, mech, knight or goat]",
hazard_drown,hazard,plato,neutral,"{unit}; water hazard (moat, river, pool) in every era [slots: unit/killer filters read fine for a tank, drone, mech, knight or goat]",
hazard_marked,hazard,cassandra,neutral,era-free Cassandra map gag,
hazard_ground,hazard,brutus,neutral,era-free,
hazard_gravity,hazard,brutus,neutral,era-free,
hazard_fell,hazard,plato,neutral,"{unit} [slots: unit/killer filters read fine for a tank, drone, mech, knight or goat]",
lead_change_momentum,lead_change,plato,neutral,era-free,
lead_change_hands,lead_change,plato,convertible,"""The spears remain with their owners""",The lead changes hands. Nothing else does. The weapons remain with their owners.
lead_change_keep,lead_change,cassandra,neutral,{team},
lead_change_you_b,lead_change,brutus,neutral,era-free [caps:2],
lead_change_you_b2,lead_change,brutus,convertible,the grape seller; [gag:grapes] [caps:2],YOU LEAD! The snack vendor has gone to tell his friends!
lead_change_you_c2,lead_change,cassandra,neutral,era-free,
lead_change_you_p,lead_change,plato,neutral,era-free,
lead_change_you_c,lead_change,cassandra,neutral,era-free,
lead_change_them_b,lead_change,brutus,convertible,the grape seller; [gag:grapes] [caps:2],THEY have the LEAD! The snack vendor has quietly changed his hat!
lead_change_them_b2,lead_change,brutus,neutral,era-free [caps:2],
lead_change_them_p2,lead_change,plato,neutral,era-free,
lead_change_them_c2,lead_change,cassandra,neutral,era-free,
lead_change_them_p,lead_change,plato,neutral,era-free,
lead_change_them_c,lead_change,cassandra,neutral,"first-page note gag, era-free",
lead_change_ratio_b,lead_change,brutus,neutral,{ratio},
lead_change_ratio_p,lead_change,plato,neutral,{ratio},
comeback_dead,comeback,brutus,neutral,era-free,
comeback_hope,comeback,plato,neutral,era-free,
comeback_quiet,comeback,cassandra,neutral,"{team}; ""the wall"" reads as any wall or Cassandra's wall",
comeback_clause,comeback,brutus,neutral,{team}; Terms of Conquest gag; [gag:terms],
comeback_them_b,comeback,brutus,neutral,era-free [caps:3],
comeback_you_c,comeback,cassandra,neutral,era-free,
big_swing_fold,big_swing,cassandra,neutral,{flank} left/right; era-free,
big_swing_cluster,big_swing,cassandra,neutral,"{ratio}; cluster is a power-tracker concept, era-free",
big_swing_foretold,big_swing,cassandra,neutral,{team}{flank},
big_swing_flank,big_swing,brutus,neutral,{flank},
big_swing_arith,big_swing,plato,neutral,{ratio},
big_swing_wall,big_swing,cassandra,neutral,{flank}{ratio}; Cassandra's wall; [gag:wall],
big_swing_mid_b,big_swing,brutus,neutral,era-free,
big_swing_mid_p,big_swing,plato,neutral,"""even a philosopher"" is generic English",
big_swing_mid_c,big_swing,cassandra,neutral,era-free,
big_swing_yours_b,big_swing,brutus,neutral,{flank} [caps:2],
big_swing_theirs_b,big_swing,brutus,convertible,"""something SHARP"" assumes blades [caps:2]",THEIR {flank} flank is folding! Press the advantage! Press it with something LOUD!
big_swing_yours_mid,big_swing,brutus,convertible,"""Hold it with SPEARS"" [caps:3]",YOUR line is buckling in the MIDDLE! Hold it! Hold it with EVERYTHING!
big_swing_theirs_mid,big_swing,brutus,neutral,era-free [caps:3],
army_low_gathering,army_low,plato,neutral,{pct},
army_low_end,army_low,cassandra,neutral,{pct},
army_low_hats,army_low,brutus,neutral,{pct}{team}; hats are generic headgear,
army_low_yours_b,army_low,brutus,neutral,{pct} [caps:2],
army_low_yours_p,army_low,plato,neutral,{pct},
army_low_yours_c,army_low,cassandra,neutral,{pct},
army_low_theirs_b,army_low,brutus,neutral,{pct} [caps:2],
army_low_theirs_p,army_low,plato,neutral,{pct},
army_low_theirs_c,army_low,cassandra,neutral,{pct},
stalemate_picnic,stalemate,brutus,neutral,era-free,
stalemate_contemplation,stalemate,plato,neutral,"""Philosophy"" and ""Brutus"" are commentators",
stalemate_diplomacy,stalemate,plato,neutral,era-free,
stalemate_zeus,stalemate,cassandra,ancient,Zeus steps in at 18 s (Ancient stalemate intervention),
stalemate_sleep,stalemate,cassandra,neutral,"""empires"" is generic",
stalemate_stand,stalemate,cassandra,ancient,Zeus gets involved,
zeus_bolt,zeus,brutus,ancient,Zeus intervention,
zeus_bad_day,zeus,cassandra,ancient,Zeus and the goat,
zeus_quit,zeus,brutus,ancient,Zeus and Hera,
zeus_quit_alt,zeus,plato,ancient,Zeus left,
zeus_left,zeus,plato,ancient,Zeus departs,
zeus_draw,zeus,brutus,ancient,Zeus lightning,
zeus_prologue,zeus,cassandra,ancient,Zeus storms off,
zeus_count,zeus,cassandra,ancient,zeusRagequits stat,
zeus_email,zeus,brutus,ancient,gods and lightning,
victory_terms,victory,brutus,neutral,{team}{n}; Terms of Conquest gag; [gag:terms],
victory_grapes,victory,brutus,convertible,"""Somebody fetch the GRAPES""; [gag:grapes]","It is over! {n} left standing, mostly {unit|pl}! Somebody fetch the SNACKS!"
victory_pizza,victory,brutus,ancient,Pompeii Pizza coupon and ERUPTION; [gag:pizza],
victory_puzzled,victory,plato,neutral,"{unit|pl} [slots: unit/killer filters read fine for a tank, drone, mech, knight or goat]",
victory_remember,victory,cassandra,neutral,"{unit|the} [slots: unit/killer filters read fine for a tank, drone, mech, knight or goat]",
victory_wins,victory,brutus,neutral,{lifetime:wins}; wall gag,
victory_milestone,victory,plato,neutral,{lifetime:wins},
victory_notes,victory,cassandra,neutral,era-free,
victory_mission,victory,cassandra,neutral,{mission}; plaque joke,
victory_first_b,victory,brutus,neutral,Terms gag; [gag:terms] [caps:3],
victory_first_p,victory,plato,neutral,era-free,
victory_first_c,victory,cassandra,neutral,era-free,
victory_buffet,victory,brutus,convertible,"""the winner may stab the BUFFET""; [gag:terms] [caps:2]","{team} WINS! Terms of Conquest, clause fourteen: the winner may storm the BUFFET!"
victory_agree,victory,plato,neutral,era-free,
victory_winners,victory,plato,neutral,era-free,
victory_enemy,victory,cassandra,neutral,era-free,
victory_flawless_b,victory,brutus,neutral,sculptors are a commentator-world gag (see hero_down_statue) [caps:2],
victory_flawless_p,victory,plato,neutral,era-free,
victory_flawless_c,victory,cassandra,neutral,era-free,
victory_tiny_b,victory,brutus,neutral,sponsors gag,
victory_tiny_p,victory,plato,neutral,era-free,
victory_tiny_c,victory,cassandra,neutral,era-free,
victory_last_b,victory,brutus,convertible,"""Give it a LAUREL"" [caps:3]","ONE soldier left standing, and it is {unit|the}! Give it a TROPHY! Give it a SEAT!"
victory_last_p,victory,plato,neutral,"{unit} [slots: unit/killer filters read fine for a tank, drone, mech, knight or goat]",
victory_last_c,victory,cassandra,neutral,"{unit|The} [slots: unit/killer filters read fine for a tank, drone, mech, knight or goat]",
victory_goat_b,victory,brutus,ancient,the goat survives; [gag:goat],
victory_goat_p,victory,plato,ancient,the goat outlasts generals; [gag:goat],
victory_goat_c,victory,cassandra,ancient,the goat on the wall; [gag:goat],
victory_rout_b,victory,brutus,neutral,era-free,
victory_rout_p,victory,plato,neutral,era-free,
victory_rout_c,victory,cassandra,neutral,era-free,
victory_quick_b,victory,brutus,neutral,{secs}; sponsors refund gag [caps:2],
victory_quick_p,victory,plato,neutral,{secs},
victory_quick_c,victory,cassandra,neutral,{secs},
victory_long_b,victory,brutus,convertible,"""check on the grape seller""; [gag:grapes] [caps:2]",{mins} MINUTES! That is a SHIFT! Somebody check on the snack vendor!
victory_long_p,victory,plato,neutral,{mins},
victory_long_c,victory,cassandra,neutral,{mins},
victory_duel_b,victory,brutus,neutral,Terms of Conquest gag; [gag:terms] [caps:2],
victory_duel_p,victory,plato,neutral,era-free,
victory_duel_c,victory,cassandra,neutral,era-free,
defeat_fall,defeat,brutus,neutral,{team}; lunch gag,
defeat_teaching,defeat,plato,neutral,era-free,
defeat_left,defeat,cassandra,neutral,era-free,
defeat_unit,defeat,cassandra,neutral,"{unit|pl}; works for tanks or drones [slots: unit/killer filters read fine for a tank, drone, mech, knight or goat]",
defeat_chicken,defeat,cassandra,ancient,chickenDefeats stat; [gag:chicken],
defeat_chicken_b,defeat,brutus,ancient,beaten by chickens; [gag:chicken],
defeat_chicken_p,defeat,plato,ancient,defeated by sacred poultry; [gag:chicken],
defeat_flattery,defeat,plato,neutral,era-free,
defeat_tomorrow,defeat,cassandra,neutral,era-free,
defeat_mission,defeat,cassandra,neutral,{mission},
defeat_first_b,defeat,brutus,neutral,"""general"" is generic",
defeat_first_p,defeat,plato,neutral,era-free,
defeat_basket,defeat,brutus,neutral,fruit basket is a commentator-world prop [caps:2],
defeat_weather,defeat,brutus,neutral,Terms of Conquest gag; [gag:terms],
defeat_plan,defeat,plato,neutral,era-free,
defeat_rematch,defeat,cassandra,neutral,"R is the shared rematch key; ""hold the line"" is generic",
defeat_third_b,defeat,brutus,neutral,{nth|words}; sponsors gag,
defeat_third_p,defeat,plato,neutral,{nth|words},
defeat_third_c,defeat,cassandra,neutral,Cassandra's wall; [gag:wall],
defeat_duel_b,defeat,brutus,neutral,sculptor gag (see hero_down_statue) [caps:2],
defeat_duel_p,defeat,plato,neutral,era-free,
defeat_duel_c,defeat,cassandra,neutral,era-free,
defeat_crush_b,defeat,brutus,neutral,era-free [caps:3],
defeat_crush_p,defeat,plato,neutral,era-free,
defeat_crush_c,defeat,cassandra,neutral,era-free,
defeat_close_b,defeat,brutus,neutral,{n|words}; Medieval sneeze is allowed vocabulary and the line is generic [caps:2],
defeat_close_p,defeat,plato,neutral,{n|words},
defeat_close_c,defeat,cassandra,convertible,"""Two more arrows""",{n|words} left on their side. Two more shots and I would be quiet. I am rarely quiet.
timeout_time,timeout,brutus,neutral,[rule] decided by remaining cost; each era must keep the timeout rule,
timeout_accounting,timeout,cassandra,neutral,{mins},
timeout_clock,timeout,plato,neutral,era-free,
timeout_draw,timeout,brutus,convertible,"""participation laurel""",A DRAW! Nobody wins! Everybody gets a participation trophy!
timeout_draw_c,timeout,cassandra,neutral,era-free,
timeout_nothing,timeout,plato,neutral,era-free,
mass_death_effect,mass_death,brutus,neutral,{n},
mass_death_discount,mass_death,brutus,neutral,group discount gag,
mass_death_cluster,mass_death,cassandra,neutral,{n},
mass_death_spread,mass_death,plato,neutral,{n},
mass_death_sculptor,mass_death,brutus,neutral,{n}; sculptor gag,
mass_death_decision,mass_death,cassandra,neutral,{n},
prop_destroyed_landlord,prop_destroyed,brutus,neutral,{prop} resolved through the era PROP_NAMES table [slot prop: era PROP_NAMES table],
prop_destroyed_stood,prop_destroyed,plato,neutral,{prop} via the era PROP_NAMES table [slot prop: era PROP_NAMES table],
prop_destroyed_insurance,prop_destroyed,brutus,convertible,Delphi Insurance; [gag:insurance],Property damage! The insurers say: we SAW this coming!
prop_destroyed_map,prop_destroyed,cassandra,neutral,{prop} via the era PROP_NAMES table [slot prop: era PROP_NAMES table],
prop_destroyed_minute,prop_destroyed,plato,neutral,{prop} via the era PROP_NAMES table [slot prop: era PROP_NAMES table],
god_power_meteor,god_power,brutus,convertible,"""A METEOR!"" is the Ancient power; route by effect kind strike_area_delayed [caps:2]",FROM ABOVE! The dinosaurs called! They want their extinction back!
god_power_meteor_c,god_power,cassandra,neutral,text is era-free; route by effect kind strike_area_delayed instead of power id,
god_power_quake,god_power,brutus,convertible,"""EARTHQUAKE!"" names the Ancient power; route by effect kind zone_quake","The GROUND has joined the fight! Poor sport, the ground!"
god_power_quake_c,god_power,cassandra,neutral,text is era-free; route by effect kind zone_quake,
god_power_wine,god_power,brutus,ancient,wine rain and its 40 percent figure,
god_power_wine_p,god_power,plato,ancient,wine falls from the sky,
god_power_wine_c,god_power,cassandra,ancient,wine rain sobriety joke; [shape],
god_power_heal,god_power,brutus,neutral,"heal_area; ""even the one who was definitely dead"" works for repair pulses too",
god_power_heal_c,god_power,cassandra,neutral,heal_area; era-free,
god_power_chickens,god_power,brutus,ancient,eight chickens power; [gag:chicken],
god_power_chickens_p,god_power,plato,ancient,chicken power; [gag:chicken],
god_power_bolt,god_power,brutus,convertible,"""LIGHTNING"" and ""hoplites""","A STRIKE! One hit, many sorry soldiers! Rated T for thunder!"
god_power_bolt_c,god_power,cassandra,convertible,"""jumped four times"" is the Ancient chain count; needs {n} chain count in the power payload",The strike jumped {n} times. I counted the jumps. I did not count the survivors.
wave_bus,wave,brutus,neutral,{n},
wave_climate,wave,plato,neutral,{n},
wave_more,wave,cassandra,neutral,{n},
wave_supply,wave,plato,neutral,{n},
wave_larger,wave,cassandra,neutral,{n},
idle_filler_pompeii,idle_filler,brutus,ancient,Pompeii Pizza sponsor; [gag:pizza],
idle_filler_grapes,idle_filler,brutus,convertible,free GRAPES; [gag:grapes],"Camera, row ten: a man says he is just here for the free SNACKS. We respect that."
idle_filler_oil,idle_filler,brutus,ancient,Athenian Olive Oil sponsor and 600 BC; sponsor reads are rewritten per era,
idle_filler_delphi,idle_filler,brutus,ancient,Delphi Insurance sponsor read; [gag:insurance],
idle_filler_platypus,idle_filler,brutus,neutral,non sequitur,
idle_filler_essence,idle_filler,plato,neutral,Plato's unfinished definition; era-free,
idle_filler_define,idle_filler,plato,neutral,era-free,
idle_filler_goat,idle_filler,cassandra,ancient,the goat; [gag:goat],
idle_filler_zeus,idle_filler,brutus,ancient,Zeus is watching,
idle_filler_ledger,idle_filler,cassandra,neutral,lifetime kills stat,
idle_filler_problems,idle_filler,plato,neutral,"""two armies and a field""",
idle_filler_mistake,idle_filler,cassandra,neutral,"""a general"" is generic",
idle_filler_spear,idle_filler,plato,convertible,"""What is a spear""","What is a weapon, if not an argument that has stopped being polite?"
campaign_marathon_sort_of_start,campaign_marathon_sort_of,brutus,ancient,Marathon mission line,
campaign_marathon_sort_of_win,campaign_marathon_sort_of,plato,ancient,Marathon mission line,
campaign_marathon_sort_of_lose,campaign_marathon_sort_of,cassandra,ancient,Marathon mission line,
campaign_thermopylae_snack_start,campaign_thermopylae_snack,plato,ancient,Thermopylae mission line,
campaign_thermopylae_snack_win,campaign_thermopylae_snack,plato,ancient,Thermopylae mission line,
campaign_thermopylae_snack_lose,campaign_thermopylae_snack,brutus,ancient,Thermopylae goat path mission line,
campaign_pyramid_scheme_start,campaign_pyramid_scheme,brutus,ancient,Pharaoh mission line,
campaign_pyramid_scheme_win,campaign_pyramid_scheme,brutus,ancient,Pharaoh mission line,
campaign_pyramid_scheme_lose,campaign_pyramid_scheme,cassandra,ancient,Pharaoh mission line,
campaign_nile_crossing_start,campaign_nile_crossing,cassandra,ancient,goat across the Nile,
campaign_nile_crossing_win,campaign_nile_crossing,brutus,ancient,goat crossed,
campaign_nile_crossing_lose,campaign_nile_crossing,cassandra,ancient,goat helmet,
campaign_alps_elephant_start,campaign_alps_elephant,brutus,ancient,Hannibal elephants,
campaign_alps_elephant_win,campaign_alps_elephant,plato,ancient,elephants and snow,
campaign_alps_elephant_lose,campaign_alps_elephant,cassandra,ancient,elephants and Rome,
campaign_teutoburg_peekaboo_start,campaign_teutoburg_peekaboo,brutus,ancient,Teutoburg ambush,
campaign_teutoburg_peekaboo_win,campaign_teutoburg_peekaboo,plato,ancient,Teutoburg ambush,
campaign_teutoburg_peekaboo_lose,campaign_teutoburg_peekaboo,brutus,ancient,Teutoburg ambush,
campaign_troy_giftshop_start,campaign_troy_giftshop,brutus,ancient,Troy mission line,
campaign_troy_giftshop_win,campaign_troy_giftshop,brutus,ancient,Troy mission line,
campaign_troy_giftshop_lose,campaign_troy_giftshop,cassandra,ancient,Troy horse,
campaign_cyclops_meet_start,campaign_cyclops_meet,cassandra,ancient,Cyclops mission line,
campaign_cyclops_meet_win,campaign_cyclops_meet,plato,ancient,Cyclops mission line,
campaign_cyclops_meet_lose,campaign_cyclops_meet,brutus,ancient,Cyclops mission line,
campaign_zeus_bad_day_start,campaign_zeus_bad_day,brutus,ancient,Zeus mission line,
campaign_zeus_bad_day_win,campaign_zeus_bad_day,brutus,ancient,Zeus mission line,
campaign_zeus_bad_day_lose,campaign_zeus_bad_day,plato,ancient,Zeus mission line,
tip_spears_cav,tips,tip,ancient,spearmen vs cavalry hold-position rule of the Ancient roster; [med-ok] pikes and knights,
tip_cav_archers,tips,tip,ancient,cavalry vs archers; [med-ok],
tip_backstab,tips,tip,convertible,"""35%"" is the Ancient rear bonus and ""Shields only protect the front"" may be false for bubble shields; [rule] each era confirms a rear bonus","Hits from behind do extra damage. Walk around the front line, not through it."
tip_fire_targets,tips,tip,ancient,"elephants, mummies, wooden horses, Nubian archers",
tip_rain_fire,tips,tip,ancient,fire arrows and torches; [med-ok],
tip_stone_blunt,tips,tip,ancient,Medusa petrification and clubs,
tip_senator_sleep,tips,tip,ancient,Senator sleep,
tip_catapult_min,tips,tip,convertible,"""Catapults"" and the 15 unit figure; minimum range exists for trebuchets, mortars and howitzers; [rule]",Artillery cannot hit anything inside its minimum range. Protect it with something that is closer.
tip_hero_aura,tips,tip,neutral,generic hero aura rule; [rule] each era must give heroes an aura or the tip is dropped,
tip_pilum_shield,tips,tip,ancient,pilum throwers and shields,
tip_philosopher_back,tips,tip,ancient,Philosophers,
tip_officers,tips,tip,neutral,officer and morale rule; [rule] confirm per era (Sci-Fi morale),
tip_stalemate,tips,tip,ancient,Zeus steps in at thirty seconds,
tip_phalanx,tips,tip,ancient,Hoplites and the phalanx bonus,
tip_type_cap,tips,tip,convertible,"""Chickens count as a type""","You can field 16 different unit types in a battle. Yes, the silly ones count too."
tip_wine_rain,tips,tip,ancient,wine rain and its 40 percent,
tip_sandstorm,tips,tip,convertible,"""Pick spears and cavalry""; sandstorm weather is shared by all eras (W 3.5.2); [rule]",Sandstorms scatter ranged attacks by half again. Pick melee units for dusty days.
tip_flanks,tips,tip,neutral,flank morale rule; [rule] confirm per era,
tip_hold_brace,tips,tip,ancient,spearmen bracing against cavalry; [med-ok],
tip_focus,tips,tip,convertible,"""a hero or a monster""",The Focus order makes a squad attack one target. Use it on a hero or a boss.
tip_lightning,tips,tip,ancient,Zeus Lightning power figures,
tip_meteor,tips,tip,convertible,names the Ancient meteor and its 2 s delay; delayed strikes exist in every era (CU12); [rule],"Delayed strikes take a moment to land. Aim at a clump, not at somebody who is running."
tip_heal_wave,tips,tip,convertible,names Heal Wave and 60 health,Healing powers help every nearby ally. Save them for after the clash.
tip_scout,tips,tip,neutral,scout report exists in every era; [rule],
tip_fear_speed,tips,tip,neutral,announcer speed gate and Brutus; [rule],
tip_pause,tips,tip,convertible,"""watching a goat""","Space pauses. The speed keys go down to 0.25x, which is excellent for watching one soldier think."
tip_rematch,tips,tip,neutral,R key and Cassandra,
tip_command,tips,tip,neutral,controls shared by all eras; [rule] CU13 per-class Take Command may add keys,
tip_budget,tips,tip,convertible,"""drachmae"" is Ancient currency (fmtCost)",Spend your whole budget. Unspent money has never won a battle.
tip_photo,tips,tip,neutral,controls,
tip_killcam,tips,tip,neutral,controls,
tip_trojan,tips,tip,ancient,wooden horse and hoplites; [gag:trojan],
tip_goat,tips,tip,ancient,the goat; [gag:goat],
tip_elephant_mouse,tips,tip,ancient,elephants and mice,
tip_spartan_kick,tips,tip,ancient,Spartan kick,
tip_catapult_misfire,tips,tip,ancient,catapult 4 percent misfire; [med-ok],
tip_immortals,tips,tip,ancient,Immortals revive once,
tip_cyclops_aim,tips,tip,ancient,Cyclops,
tip_chicken_rage,tips,tip,ancient,sacred chicken tantrum; [gag:chicken],
tip_mummy,tips,tip,ancient,mummy,
tip_sparabara,tips,tip,ancient,Sparabara wall,
tip_cataphract,tips,tip,ancient,"Cataphracts, fire and magic",
tip_big_army,tips,tip,neutral,era-free proverb,
tip_choke,tips,tip,ancient,"Thermopylae, spears and cavalry; [med-ok]",
tip_berserker,tips,tip,ancient,Berserker unit,
tip_hannibal,tips,tip,ancient,Hannibal pincer,
tip_spartans_fearless,tips,tip,ancient,Spartans,
tip_chariot,tips,tip,ancient,Chariot archers,
tip_druid,tips,tip,ancient,Druid lightning,
tip_cassandra,tips,tip,neutral,lessons screen exists in every era; [rule],
tip_peltast,tips,tip,ancient,Peltasts,
tip_pharaoh,tips,tip,ancient,Pharaoh locusts,
tip_anubis,tips,tip,ancient,Anubis Guards,
tip_chieftain,tips,tip,ancient,Chieftain war horn,
tip_minotaur,tips,tip,ancient,Minotaur,
tip_gladiator,tips,tip,ancient,Gladiator,
tip_camel,tips,tip,ancient,Camels,
tip_warhound,tips,tip,ancient,Warhounds; [med-ok],
tip_ballista,tips,tip,ancient,Ballista; [med-ok],
tip_centurion,tips,tip,ancient,Centurion,
tip_zeus_goat,tips,tip,ancient,Zeus and the goat; [gag:goat],
tip_xerxes,tips,tip,ancient,Xerxes,
tip_chicken_six,tips,tip,ancient,power six chickens; [gag:chicken],
loading_01,loading,loading,convertible,"""spears""",Sharpening everything that can be sharpened...
loading_02,loading,loading,ancient,goats saluting; [gag:goat],
loading_03,loading,loading,ancient,Trojan horse hinges; [gag:trojan],
loading_04,loading,loading,convertible,"""catapults"" (Modern bible already converts it to pushpins)",Calibrating everything to four percent regret...
loading_05,loading,loading,neutral,Plato defines loading,
loading_06,loading,loading,neutral,Brutus indoor voice,
loading_07,loading,loading,neutral,Terms of Conquest; [gag:terms],
loading_08,loading,loading,ancient,Spartan kick,
loading_09,loading,loading,ancient,Cyclops aim,
loading_10,loading,loading,ancient,Zeus,
loading_11,loading,loading,ancient,sacred chickens; [gag:chicken],
loading_12,loading,loading,ancient,mummies,
loading_13,loading,loading,ancient,Immortals,
loading_14,loading,loading,neutral,team colour and grudge; era-free,
loading_15,loading,loading,ancient,warhounds and sausages; [med-ok],
loading_16,loading,loading,convertible,grape seller; [gag:grapes],Placing the snack vendor in a safe spot...
loading_17,loading,loading,ancient,hoplites in the horse,
loading_18,loading,loading,neutral,Cassandra sighs,
loading_19,loading,loading,ancient,chickens and tent ropes; [gag:chicken],
loading_20,loading,loading,ancient,elephants and torches,
credits_01,credits,credits,ancient,Head of Goats; [gag:goat],
credits_02,credits,credits,neutral,Brutus and the Terms of Conquest; [gag:terms],
credits_03,credits,credits,neutral,Brutus interrupts,
credits_04,credits,credits,neutral,Plato's unfinished definition,
credits_05,credits,credits,neutral,Cassandra ignored,
credits_06,credits,credits,ancient,Pompeii Pizza catering; [gag:pizza],
credits_07,credits,credits,convertible,Grapes and the man in row ten; [gag:grapes],Snacks | A man in row ten
credits_08,credits,credits,convertible,"""Siege Safety Officer"" and the Roman name Gaius",Safety Officer | Resigned. Gus was launched.
credits_09,credits,credits,ancient,chickens do quality assurance; [gag:chicken],
credits_10,credits,credits,convertible,"""Elephant Wrangler""",Chief Wrangler of Large Animals | Nobody has applied
credits_11,credits,credits,ancient,Immortals,
credits_12,credits,credits,ancient,Zeus on leave; [gag:zeus],
credits_13,credits,credits,ancient,pottery and barbarians,
credits_14,credits,credits,convertible,"""Spartan""",Subtlety Coach | Position unfilled
credits_15,credits,credits,neutral,Chief of Dignity,
credits_16,credits,credits,convertible,Delphi Insurance; [gag:insurance],Official Insurer of Everything | We saw this coming
credits_f1,credits,credits,convertible,"""historical"" and ""chickens pecked""",No real armies were harmed. Several snacks were eaten.
credits_f2,credits,credits,neutral,era-free,
credits_f3,credits,credits,ancient,the goat; [gag:goat],
